{
  "battery": 0.23504018783569336,
  "organik": 0.4244212210178375,
  "glass": 0.19406133890151978,
  "cardboard": 0.39814168214797974,
  "metal": 0.26180499792099,
  "paper": 0.20866531133651733,
  "plastic": 0.2283855527639389,
  "trash": 0.26304009556770325
}